File,CreatedAt,SizeBytes,SizeHuman
2025-09-29_230501_globals.sql.zst,2025-09-29 23:05:01,457,   457B
2025-09-29_230501_loluli.list,2025-09-29 23:05:01,515,   515B
2025-09-29_230501_loluli.tar.zst,2025-09-29 23:05:01,1241,  1.3KB
2025-09-29_210001_globals.sql.zst,2025-09-29 23:00:02,457,   457B
2025-09-29_210001_loluli.list,2025-09-29 23:00:02,515,   515B
2025-09-29_210001_loluli.tar.zst,2025-09-29 23:00:01,1241,  1.3KB
2025-09-29_205501_globals.sql.zst,2025-09-29 22:55:02,454,   454B
2025-09-29_205501_loluli.list,2025-09-29 22:55:02,515,   515B
2025-09-29_205501_loluli.tar.zst,2025-09-29 22:55:02,1240,  1.3KB
2025-09-29_205001_globals.sql.zst,2025-09-29 22:50:01,457,   457B
2025-09-29_205001_loluli.list,2025-09-29 22:50:01,515,   515B
2025-09-29_205001_loluli.tar.zst,2025-09-29 22:50:01,1244,  1.3KB
2025-09-29_204501_globals.sql.zst,2025-09-29 22:45:02,458,   458B
2025-09-29_204501_loluli.list,2025-09-29 22:45:02,515,   515B
2025-09-29_204501_loluli.tar.zst,2025-09-29 22:45:01,1241,  1.3KB
2025-09-29_204001_globals.sql.zst,2025-09-29 22:40:02,458,   458B
2025-09-29_204001_loluli.list,2025-09-29 22:40:02,515,   515B
2025-09-29_204001_loluli.tar.zst,2025-09-29 22:40:02,1237,  1.3KB
2025-09-29_203501_globals.sql.zst,2025-09-29 22:35:01,456,   456B
2025-09-29_203501_loluli.list,2025-09-29 22:35:01,515,   515B
2025-09-29_203501_loluli.tar.zst,2025-09-29 22:35:01,1240,  1.3KB
2025-09-29_203001_globals.sql.zst,2025-09-29 22:30:02,457,   457B
2025-09-29_203001_loluli.list,2025-09-29 22:30:02,515,   515B
2025-09-29_203001_loluli.tar.zst,2025-09-29 22:30:01,1238,  1.3KB
2025-09-29_202501_globals.sql.zst,2025-09-29 22:25:02,455,   455B
2025-09-29_202501_loluli.list,2025-09-29 22:25:02,515,   515B
2025-09-29_202501_loluli.tar.zst,2025-09-29 22:25:02,1240,  1.3KB
2025-09-29_202001_globals.sql.zst,2025-09-29 22:20:01,457,   457B
2025-09-29_202001_loluli.list,2025-09-29 22:20:01,515,   515B
2025-09-29_202001_loluli.tar.zst,2025-09-29 22:20:01,1241,  1.3KB
2025-09-29_201501_globals.sql.zst,2025-09-29 22:15:02,455,   455B
2025-09-29_201501_loluli.list,2025-09-29 22:15:01,515,   515B
2025-09-29_201501_loluli.tar.zst,2025-09-29 22:15:01,1243,  1.3KB
2025-09-29_201001_globals.sql.zst,2025-09-29 22:10:02,457,   457B
2025-09-29_201001_loluli.list,2025-09-29 22:10:02,515,   515B
2025-09-29_201001_loluli.tar.zst,2025-09-29 22:10:02,1239,  1.3KB
2025-09-29_200501_globals.sql.zst,2025-09-29 22:05:01,457,   457B
2025-09-29_200501_loluli.list,2025-09-29 22:05:01,515,   515B
2025-09-29_200501_loluli.tar.zst,2025-09-29 22:05:01,1239,  1.3KB
2025-09-29_200001_globals.sql.zst,2025-09-29 22:00:02,456,   456B
2025-09-29_200001_loluli.list,2025-09-29 22:00:01,515,   515B
2025-09-29_200001_loluli.tar.zst,2025-09-29 22:00:01,1241,  1.3KB
2025-09-29_195501_globals.sql.zst,2025-09-29 21:55:02,457,   457B
2025-09-29_195501_loluli.list,2025-09-29 21:55:02,515,   515B
2025-09-29_195501_loluli.tar.zst,2025-09-29 21:55:02,1241,  1.3KB
2025-09-29_195001_globals.sql.zst,2025-09-29 21:50:01,455,   455B
2025-09-29_195001_loluli.list,2025-09-29 21:50:01,515,   515B
2025-09-29_195001_loluli.tar.zst,2025-09-29 21:50:01,1242,  1.3KB
2025-09-29_194501_globals.sql.zst,2025-09-29 21:45:02,458,   458B
2025-09-29_194501_loluli.list,2025-09-29 21:45:01,515,   515B
2025-09-29_194501_loluli.tar.zst,2025-09-29 21:45:01,1241,  1.3KB
2025-09-29_194001_globals.sql.zst,2025-09-29 21:40:02,458,   458B
2025-09-29_194001_loluli.list,2025-09-29 21:40:02,515,   515B
2025-09-29_194001_loluli.tar.zst,2025-09-29 21:40:02,1241,  1.3KB
2025-09-29_193501_globals.sql.zst,2025-09-29 21:35:01,457,   457B
2025-09-29_193501_loluli.list,2025-09-29 21:35:01,515,   515B
2025-09-29_193501_loluli.tar.zst,2025-09-29 21:35:01,1244,  1.3KB
2025-09-29_193001_globals.sql.zst,2025-09-29 21:30:02,458,   458B
2025-09-29_193001_loluli.list,2025-09-29 21:30:01,515,   515B
2025-09-29_193001_loluli.tar.zst,2025-09-29 21:30:01,1238,  1.3KB
2025-09-29_192501_globals.sql.zst,2025-09-29 21:25:02,457,   457B
2025-09-29_192501_loluli.list,2025-09-29 21:25:02,515,   515B
2025-09-29_192501_loluli.tar.zst,2025-09-29 21:25:02,1242,  1.3KB
2025-09-29_192001_globals.sql.zst,2025-09-29 21:20:01,453,   453B
2025-09-29_192001_loluli.list,2025-09-29 21:20:01,515,   515B
2025-09-29_192001_loluli.tar.zst,2025-09-29 21:20:01,1242,  1.3KB
2025-09-29_191501_globals.sql.zst,2025-09-29 21:15:02,459,   459B
2025-09-29_191501_loluli.list,2025-09-29 21:15:01,515,   515B
2025-09-29_191501_loluli.tar.zst,2025-09-29 21:15:01,1242,  1.3KB
2025-09-29_191001_loluli.tar.zst,2025-09-29 21:10:02,13,    13B
2025-09-29_190501_globals.sql.zst,2025-09-29 21:05:02,456,   456B
2025-09-29_190501_loluli.list,2025-09-29 21:05:02,515,   515B
2025-09-29_190501_loluli.tar.zst,2025-09-29 21:05:01,1240,  1.3KB
2025-09-29_190001_globals.sql.zst,2025-09-29 21:00:02,457,   457B
2025-09-29_190001_loluli.list,2025-09-29 21:00:02,515,   515B
2025-09-29_190001_loluli.tar.zst,2025-09-29 21:00:02,1241,  1.3KB
2025-09-29_185501_globals.sql.zst,2025-09-29 20:55:01,458,   458B
2025-09-29_185501_loluli.list,2025-09-29 20:55:01,515,   515B
2025-09-29_185501_loluli.tar.zst,2025-09-29 20:55:01,1243,  1.3KB
